"Y3jVDgLRULH52M4_fXQOug","-115.063136","36.025017"
"CwTYM1-zs80BB1AWJrWmxQ","-115.0629783","36.0241573"
"PaLJoYycupjosFKHTNzpHQ","-115.0457017","36.0596411"
"1kVg1hADY5MUGMYuuHRJSw","-115.047811","36.020606"
"bjOoO1Cfv3E4Oowes0kzDg","-115.049224","36.021584"
"oksXk_PEtYrWJJBGNhl5zw","-115.029916","36.030262"
"V6csWcyvwOg_E2ni3V_CgA","-115.0466353","36.0228812"
"hr41l2QX7OHh3k_x0Zk2Vw","-115.0502202","36.0224814"
"bhdop9MG7r1il2522gTOjA","-115.063401","36.024514"
"dS5qlJ6au0Wz9FwmbPSjYA","-115.0414116","36.0613259"
"j1BASG5Kvt6dqfjCmtjtuA","-115.0404429","36.063823"
"_yQkTIlbJlBt0tQRbzBa7g","-115.0453807","36.065574"
"2Ouo2D7E5Yz8OG7xB--yug","-115.0462299","36.0662825"
"V7fgezCN6R5NQEM0R3LTAw","-115.092666149","36.1295952464"
"a1PlXjP2mzPMpQOIA49XWg","-115.0585263","36.0638777"
"Vhc7JJd5S347VW1s2x0F6Q","-115.0467855","36.0606863"
"3AZJlGRcOfVH43pJuA29yw","-115.046862401","36.0632835833"
"0JhjsUzRz98dhAUr5o2DCw","-115.0465752","36.0655776"
"sItVzx2HXJ0Ew5xbpW9Axg","-115.0378021","36.0578002"
"uQ9l0maZVCwD4mRo2rFekQ","-115.0824776","36.070946"
"PGH5N9zJc33RPy0QpNS9GQ","-115.0427419","36.0671674"
"6pwfij0EmcsIvM9dIhBg4Q","-115.0361196","36.0609394"
"bzSzpGAn4kjGRtsgMM1pvg","-115.0722635","36.071365"
"P2GmH6-8wsPXSfu3VoYxSg","-115.039933969","36.0648111128"
"H67AgSUZZ_0j3-sCstLZgg","-115.0464373","36.0593244"
"XkJ_2Xz-ysUTHixd15qG8g","-115.0825455","36.0719011"
"JZc6ZIB2AsafKmLI41MDUA","-115.043594","36.063161"
"LsUJZOMKl4QpWbVCV2nVqQ","-115.045078","36.068241"
"gZ0TVxwxUPadDOjd-_1axw","-115.040743","36.056739"
"buSMFn_zImET7rBBuAjR0g","-115.045582","36.065043"
"cAPjkG4oP7EC34wIqentgQ","-115.0800079","36.0721417"
"QXnWy1Jk8VfmG4RDW9MqTg","-115.0414116","36.0613259"
"O0xL1GpKv35u8p26y8Ok6w","-115.07721","36.0714309"
"Kbnud85y88SIzCVGPm990Q","-115.0355826","36.0632417"
"KweGJLJj933YHMbi-f9SAg","-115.0468157","36.0575974"
"j2HZ_eCJ-I1vsDto9Y8c-w","-115.040383","36.056709"
"2lCxj6koowOOZ2pCdDUtZQ","-115.077471","36.070485"
"VWOUGDssh6WRRa0BX3Lb7g","-115.03686","36.063175"
"NfdZgoNTGsfth9MS8Qaurg","-115.080035189","36.0698343124"
"hXgXnr-ZJBeIyvPdD0o5tQ","-115.041516","36.056727"
"jfnMPsUgGSz9XCvnZ0TnDg","-115.0742924","36.0705877"
"HYtLxN-Ecps-o-ApS2a9Hw","-115.083115","36.053434"
"3_Imz6IarFowUFjQOoibrg","-115.0378346","36.0558523"
"secsGLdQOaJPATB9SnHlew","-115.0414221","36.0554537"
"NpYP6JbdGaa6rVy7Pd0ZeA","-115.0549601","36.0562734"
"q_7HCj-P5B_mepvTTgq7Kw","-115.078507","36.071441"
"pKeiYrbA8Azh-z1NqN44KQ","-115.045444","36.0625"
"JyfJYQURfRuDvrWRlDDELw","-115.0823145","36.0700261"
"eeVoOZoa7huk09dfYga0eg","-115.0763744","36.0719854"
"Nf2Vj8R6So6_jeX-YhAdJA","-115.078507","36.071441"
"H2eCY4wIIudy5C0BW5Y3ZQ","-115.0722142","36.0709777"
"pLkCwBknZUkJqIdlPswyuQ","-115.033483","36.06111"
"0VYUal2MQs4VlUVgPYGaNg","-115.0461646","36.0555065"
"fuEW0eHa5jTOS22G6B3Djg","-115.0404429","36.063823"
"WD7VN5hKNTYNR6LAo4doVg","-115.0462783","36.0604752"
"hoJfpvsj-hQfU7MM5_Eafg","-115.0414116","36.0613259"
"10kKkojqQmjYfFRtfLQLpg","-115.04572","36.060868"
"rcVvLdCiR_cf77sj9sDlLw","-115.0463824","36.0661171"
"pzknmlIv7BLZurzglS-lng","-115.04508","36.068527"
"iEfPkzBUnTeYYUldwxJzOw","-115.03846","36.056723"
"-klcXxRui4WSJpi__eV5Ww","-115.039423574","36.0566158386"
"iO1RtDpu9xORD-Nsy6tNlw","-115.0464329","36.063615"
"xDXVHNv6socQ7a2zF9q-mw","-115.0414116","36.0613259"
"Qi2R3JN5Prx69X5r1RXwCA","-115.04320972","36.0650712151"
"vgOpnyxW5d8pvIdFBXdBtg","-115.0406799","36.0638194"
"tJfB8N05sQ6h50Z3vo8AMw","-115.043174655","36.0635790847"
"gXFvsM4pwXeDl1sj6f3c6Q","-115.027721","36.048726"
"WH2dTWhA9Q0X2cscHfaeKw","-115.051364","36.063462"
"3kO4E-C1V_rKQ5Uq16_BPA","-115.0413125","36.055938"
"ai1-59g86PVlghjrlX067w","-115.07325","36.071077"
"jR8B83Mf2vKMN_1BTHBs0g","-115.043594","36.063161"
"TLGCA3EQW_12ndci12dQWw","-115.0462522","36.0657905"
"PXXFn3kalXTgaWwndlQWHw","-115.046876203","36.0557141612"
"MUFYutWoNsC0V9bSUGof3g","-115.0804968","36.0710442"
"TG_6fgTJ2IKc-xpXtwYyig","-115.079531","36.07128"
"pkymE_0e7IxrQJhYaGtaCA","-115.1011919","35.9898074"
"K3-_PQqo2YtQOHKaSgjPpg","-115.112839","36.0066"
"fjRBF1-0JlJoxH5_jDANgA","-115.1106543","36.0028555"
"JSURpnFu8jy4etZ_My4Erw","-115.110455","36.003386"
"_3f8o37w8APyUboCgwPkhA","-115.1031259","36.0019645"
"DfNoB509sMpMbu-qvsgvrA","-115.112426758","36.0061759949"
"PWhVs3aarTbbknYGBSDgPA","-115.099885","35.993785"
"zgCwHvZ7eHDd6A6hkkTcSQ","-115.1104821","36.0028159"
"WR_kdOa2cn7FePtvgd_XUw","-115.096899","36.005417"
"eEazUUm1R_GcZa1r461qmw","-115.100444","35.979927"
"NE36ooPeXtfVcTV_vo02zQ","-115.10386","35.9988269"
"qf5lzhvdMcdVkuow7dnO3w","-115.100421","35.994108"
"Vf63peSO7C5EX8UdJEC38g","-115.1061749","36.0000616"
"99QZVGNAr0jUEfJcaDiyxw","-115.1124225","36.00573"
"HD70O15LQOIohX0MoIt8RQ","-115.0891365","36.0213169522"
"iYXCg4cxtbpAPYbHcOEh_g","-115.105286","36.001117"
"dcZ2Hmy57aVWfZh1Hk1Njg","-115.100444","35.979927"
"_rZmCez34Su-r9yEIkUwQQ","-115.1025168","35.9995957"
"D-D8OxGOrt5eK4KxTcyr6w","-115.1043672","35.9990508"
"lvimb2dNg122x7DzhX3knQ","-115.0912714","36.0215963"
"ZgtGR4Xa0XiySVAEufPIBg","-115.1125067","36.0059362"
"DiExx1mDq5a4oiiNAGPE7A","-115.1015688","35.9904395"
"5WYyDPDDcWfIIHssy6AmxQ","-115.111066","36.005145"
"VCy6IWtJ-SR6hY9xrmfF_Q","-115.102887","35.992094"
"Pgp3gbOQaJIdyjqC9AOz6g","-115.102641","35.991237"
"23patzw6J1X6t9EkgHUnAQ","-115.10097","35.994716"
"ts4LHXmZFSBR4Xczh3du6Q","-115.102292","35.9919889"
"Zzj67RkbWf9mcbotiCfDlA","-115.1088848","36.0019605"
"xOU6Kuj3VAKuN6bQrHsaRQ","-115.085949479","36.0294276103"
"NHBvlSKSP-AYgOgArRfIww","-115.1001138","36.0410218"
"ssqtEjOVSg7MYXv6tA9FpQ","-115.1020719","36.0408177"
"BhB89rXPHO4Dhf4Vj8DtYA","-115.09874","36.0419452"
"9bqhQQnxrAdqPnyLovwHmA","-115.1044113","36.0422984"
"NOjuz_7EJZN6oJbU5k--qQ","-115.084754","36.026794"
"gByfT7k4bqLKlaHrENdy7A","-115.0997133","36.0411986"
"jhIlYwE10N_FZwRxoJXHLQ","-115.1000527","36.0331607"
"7LLKX5vYeItO7kBfbCnl5g","-115.0862422","36.0294451"
"zPLOS_zx5G5t5gPGNUsJBg","-115.0862422","36.0294451"
"L_8K7r6hHc9zAZNBgJ34zg","-115.047625","36.0433948"
"NkkA3p184XF1KxyQekVGhA","-115.08475","36.029549"
"c3QcUPlgX_3O9Airt2893Q","-115.0395492","36.0418028"
"_iohCL0iyZknBRYQozHpLQ","-115.0862422","36.0294451"
"l08sZADQ6JMOnHk5rWDdPg","-115.1015022","36.0420993"
"gtdmqiFHAJwGriJSGKBbQQ","-115.100919","36.044602"
"HABtI1067iNxF-w6jheTKg","-115.0986882","36.0345277"
"SpDMxYfPhnAhw2SJCdSSSQ","-115.1044144","36.0423124"
"tRmTGJj4I8ouHX_i9WKXoQ","-115.1019144","36.0405455"
"2sbdNj3oZEmJ61CmaQcGCQ","-115.0992279","36.0341641"
"nt5HVhwaL9VqsnX9-6QBwg","-115.0466392","36.0441924"
"LNbwRD01VZiILOGsT94sVw","-115.1172584","36.0281513"
"Ivy3UkWcCBgdJ8C5om_CVg","-115.0374235","36.0657932"
"xh0bfPUpBejd81_CfDVKaQ","-114.932034","36.102125"
"XOVw8WHTzCWjfyudwgAN9A","-114.9305153","36.1010852"
"SHT5T1Lm5f4wCCajVtrb6w","-115.07668","36.0060209"
"bnHD2YT5OvwdWG5ONxR3Cw","-114.962041","36.020322"
"Ez-Xfue0q2o0ozoMOJL6zA","-114.9635062","36.0133784"
"UWw26Zi7GVoZCUFdgekoRw","-114.9725247","36.0313372"
"mH83uSATUMkoPQe81XSngQ","-114.9799012","36.0293066"
"ZFGBKeeEwIhxRFj0RFF1Xw","-115.012996417","36.0653153723"
"ErTR62P1wNPelAbHkr_9cw","-115.002586945","36.0291323184"
"ZgIn53jg5G0OOtQZIEbELA","-115.0014549","36.0345735"
"Jv3BP6CDVtCs62EZcWdPdA","-114.977853","36.036819"
"fB89nJKISv0RLzD6YsXacA","-114.9780429","36.0306703"
"Qlvu_nNRJAUfJdaLcVk-Qg","-114.967575","36.054058"
"CE85IKRDS4GimIaoIp3N5A","-114.983609","36.032743"
"b4NMwShYbFz60P9VmcBNZg","-114.9829517","36.0328086"
"AyiiaUHG3b3TEWHJZbjslA","-114.964889005","36.0266831873"
"tJdfLkvrIsj8hjX275QsnA","-114.977137","36.0361819"
"6SfP1I_hd0UbPlyQS2N-6Q","-114.976074","36.0353179"
"XrBv_soFx2y0gXRL9-4ksQ","-114.9539","36.0621"
"Ny_hWG098oojJzjHrCRRyQ","-114.962738","36.013182"
"Nr7abBBN4um7PRkNjKAI3A","-114.9539","36.0621"
"cEAU51o1Xm5Cp-dg3_-Wlw","-114.977473","36.03648"
"uVnMnzOUrMmh9bbqkLeauw","-114.9819424","36.0397272"
"3o3phFSx6S29S-CHh-z4tw","-114.964863","36.025841"
"e54FzFs4xznlHo-k-DBFvA","-114.9726108","36.0310344"
"wPxoVvK4vpqoN3cMJXIXgw","-114.973719","36.0324101"
"pHBPPZDTsYdQSSKqq86eXg","-114.981563","36.0316039"
"woeY1YUkcaXgx6CzWqhATw","-114.9846324","36.0427823"
"1Ix_kSqJLhkRcNuYCfl1yA","-114.963959","36.011529"
"wxRUJXCIM19yivp0tWDznA","-114.983451548","36.0383099708"
"wW74GB43A-9LtBVWEByPcg","-114.96382","36.01188"
"4B0Gh-Q9ZEc_wD3eb-hEYA","-114.972344659","36.0318359097"
"xOawuYhFdECY0vJlMBiY7Q","-114.9636057","36.013035"
"WwNl_1fzeCupBysWF1rLLQ","-114.985419","36.033107"
"iAKNlWV5WM3qedno1oBRwg","-114.9539","36.0621"
"EicgVkwjS3tUum7Ga3nzKA","-115.137164","35.996832"
"M-vOSYnyuaE2TsFJF0uMbQ","-115.086307","36.021405"
"GO5VFRp50IUNwH_6udsF6g","-115.0228736","35.952556"
"45CkLZEIYK4KLDAb5GvxEg","-115.08640228","36.020791181"
"_j4jCjlnuUnsvq1UnfF1Ag","-115.1060048","35.9991191"
"nQeAnwwJmfoyH8k4kSfqaQ","-115.0869192","36.0192061"
"zBacxYJdcxmJETelXMt9aw","-115.0832955","36.0048888"
"tvJVNWjgAoFuyXLDElNM_w","-114.99288","36.013921"
"3q5THOSYu39imB8tGaieCQ","-115.0525302","36.0633189"
"83DsSlg-swjLzmZnUzq2UA","-115.083839","36.022104"
"WEKQZap6YHcU25b6kIypNg","-115.08963","36.020705"
"AY1a1XwfjJo_178MRUAsnQ","-115.037421","36.063167"
"M8b-avmzftEOa5nNjrnbqw","-115.101582","35.993777"
"ypxdw4etbusoInHOwwIjRw","-114.99119","36.00988"
"McwH1sXxBjbbKt2Ak-MNPQ","-115.1016247","35.9871897"
"rRvUF3c4vxksTOaGfyx5jA","-115.0856658","36.0259925"
"_fcEpudbiTB4o9wLJ-egTA","-115.089984","36.020552"
"btuXBnJEIkn7ax2TfvHQyw","-114.94001","36.0024059"
"PzYjXRKgDwjVg1YicWuYLg","-115.117791","36.013795"
"DtvYgBK6qrRyVRr8TdRyrA","-115.082433","36.072907"
"1jmSAp3ZTTUJ4idPrARfkw","-115.0758","36.0397"
"F0u-X9aRLl8rz-L4uoaktg","-114.992597","36.013061"
"LQaA7-XmpjrpiIirO0ajZw","-115.107541","36.002681"
"Zku0t7FWo53pGqnBczVgPw","-115.039280906","36.0647913871"
"NGNHS6IdNEiUpXcAbMU5MQ","-115.1025545","35.9975649"
"yQoBnikspv_r4Te7SfzlOw","-115.0517654","36.0634831"
"l7i72PARDkUCUAHDJAWXlA","-115.0958499","36.0052019"
"uCA_rWqm4RSS_IdzhrQFLg","-115.0559","36.0614"
"qBZYoZlM5fiKxezG-NhOQQ","-115.0359689","36.0623698"
"8MT1-gmaxyyee7kZp0a85g","-115.053357","36.019811"
"JB076rxZ1cMjCYbmKh4m1Q","-115.104302242","35.9990470111"
"iIX6z_-cKoVvh6GOTmM8lw","-114.973419","36.047558"
"STL6OlYp_udGiTSMWTmK5Q","-114.992597","36.013061"
"Sw6fuvRzMpped6WcFdsLwA","-115.118324","36.009803"
"21kk-zEVnyB6AhvX_86eJA","-115.045078","36.068241"
"h-HXnjsf6ZMVj7g4X74Qfw","-114.961849","36.012095"
"EJ8glOkcXyplzCr5LiUSmQ","-115.0819538","36.0694212"
"6yoEpca0GnthoEzlJtNmgQ","-115.0853105","36.0217253"
"-U05UXvQJ1BjTEP1Hj9N-w","-115.1084889","36.0017078"
"2UTK4DGVGfld0KjcjQK9Rg","-114.9539","36.065707873"
"jq6Tk28EBoCLumRZz3AYLQ","-115.1054125","35.9993777"
"HVVrDtb8lMxU4Rd2Libo9g","-115.0354568","36.063877"
"DpdBGP3a5velmytT9v53GQ","-115.0698073","36.06957"
"ELDBfzyUWqME873h-_RcWA","-115.046149","36.066498"
"Te4VWxW8ceXp86D2fG5SOg","-115.0722335","36.0708244"
"lvRFyRt-fY8nBklO9JGgMw","-114.978614","36.041221"
"hAcXswPD1DTlPrkmQgcd9A","-115.0983469","36.0414556"
"Sigyvc6NvqxclhrDPG2kAw","-115.0853105","36.0217253"
"2MY2YOCvReXGpXxtN0_a3A","-115.037085","36.062364"
"URweBWkD1EgPDFUlL0LOKQ","-115.0784177","36.0714684"
"WpvH4B3Sq7ocD9ze_-8FQQ","-114.93040579","36.1026491424"
"E2QqC0cc7zC4DlRfLoXMMA","-115.110475","36.002902"
"yHu4EhYfF58kgS8gDUcb-w","-115.046688","36.025403"
"q5OtHFtS_avUM1PmAZezmw","-115.0683511","36.0674464"
"XpfTLKif7JeDOoGMNq2gZg","-115.075852","36.070474"
"yaE8ua9Ii5ZLQnjig9xwQA","-115.0088393","36.0342952"
"eXcyErR3iOagcYM1ei9Z0w","-114.992597","36.013061"
"RrgDqG60KLgLwH61NAFiFw","-115.0735699","36.0709762"
"uEkT2KvDgQ2Rec3HTqwI6A","-114.970038554","36.0315955637"
"jMoxUgK1wb-NcjGwWxOBwA","-115.0853105","36.0217253"
"Yn1sy_uQdoxki5VOlQFXWw","-115.0462399","36.0649691"
"_ofwotmGktU48S2RP1kvQA","-115.070596","36.069794"
"93hEDkF4CU3z-og0f4hLRQ","-115.084899897","36.022500921"
"Xa8Umq_plJIURPxM-Lkxmw","-115.0361854","36.0620938"
"vAmEaIWMCPrA0JUx3ZCEyQ","-114.92959857","36.1031046018"
"T03C1vgkD1lQXeZyBb6VVg","-115.046686","36.064077"
"_rv6-4ryEg5V18cs6DNUug","-114.992261","36.012077"
"BzBOUYN8XmhPJgOmMYg-hQ","-115.0539696","36.0800269"
"0D-b8L0yFcNEi9k5mkoXiw","-115.046688","36.025403"
"xK8WQgALQcP673X3VGvqOA","-114.930126753","36.1020303795"
"jI3vAkTVqyOMN0OSABIe0Q","-115.099718","36.041856"
"Zi5cRc2oLKWBeBDICCnxUQ","-115.096899","36.005417"
"-347ffrUUMrn26J2VGf5bA","-114.9842135","36.0425448"
"kVeCBa9q2uhC2gzG1TUaKQ","-114.9621398","36.013068"
"bYOelA2sbbCZ020zgc__YQ","-115.085951871","36.0210944008"
"rfokSksJ5o-1i9rdXiIWHA","-115.100434","35.99462"
"iDQK85-DyIlSpTz_XhkZVA","-115.083185","36.022082"
"waJfXO-Gna7MId8HrSBuzQ","-115.0298499","36.0308749"
"zrlDHBCivHTm_d8iVMYjqg","-115.0799169","36.0725902"
"JZEmPY9J0QCv2IdOmUFKBw","-115.0393279","36.0560122"
"KVvudcDpXPEx6SRTNSB9uQ","-115.096467434","36.0066826661"
"yc14-XmFrm7Z-Z-Bzrx0kg","-115.097644329","36.0346473008"
"2K9eURgPlFoL2KJkxk5NaQ","-115.0411","36.0563"
"CLp44IJDJW2mBhSjdBIMiQ","-115.0235148","36.0639141"
"C4CbD-0Rz4nglavf_0dRdg","-115.04855723","36.0228024608"
"qC6ZqST6Q58qXHsDAjM_5w","-115.1177757","36.0053075"
"gAnpC9Aw-c5jVGiRZJOi8A","-115.097955","35.979666"
"jVzSXroGCuEBCa9V4_NNtQ","-115.0853105","36.0217253"
"A_vRqMo7HrlnCRFvzWVcfw","-115.048688312","36.021803963"
"PAqQBAIYPD_xPcVBFVUyrQ","-115.102693","36.001458"
"vzfW1a3gaIRkwfvAcwveZg","-115.0550802","36.0179212"
"JyJDtNQYszK_MmEmzhkoDw","-115.11279","36.005222"
"JobM5ba26fAzMH_o0KEgAg","-115.045985","36.062159"
"bwaj94niH8eOG5p31IKB6Q","-115.0437731","36.055938"
"lwksI1zhhQpiZINMm43kDw","-115.1011323","35.9955927"
"SSMcyI7xx6WBi0VCcUxgaA","-115.0469435","36.0542524"
"rUiT2SJCEEK1YEdxzjQ7Xw","-115.0626941","36.0119254"
"SNTDhGh-AdBPKFfq6xCsRA","-115.085267","36.02177"
"6uqzV9LXu912KixFl36vbQ","-115.117593","36.003868"
"1Fupq7erFi4uqC_gd9ypQg","-115.118684","36.01658"
"o1waKt8jEYGAbRCVIEzeDg","-115.118694","36.0168534"
"DjRwuPQe4NG0d1ITjEp3dA","-114.911081215","35.9719102027"
"yHsEhSJtBnUIRYClKSH4MQ","-114.9766","36.0351"
"ywPxfO2K-PnX8WoTWT1nfg","-115.097033","36.006677"
"D7kKy0qVrUTk_nanh4ttqw","-115.0823129","36.0697915"
"zgyAbIVPD5Vjcsn4EkKLKg","-115.0228736","35.952556"
"M50SkJ-VoxcwMnq9CAtknQ","-115.117693","36.003464"
"tueAHjfOBOj63_0-8G9qKg","-115.1031259","36.0019645"
"KBtkZjuHbmAyxnDzSd5xgw","-115.0849843","36.0213130793"
"c8oWa6bRYYe070dLeMwf3g","-115.08958","36.020867"
"bfvWK_R9eEsKqoJUy-BYEw","-114.922281504","36.11426877"
"9pUPWfv2SV6DpzJRIlDYeQ","-115.1185519","36.0169498"
"wx2EJUCNOCPrMC0DtKb98A","-115.0858742","36.0294181"
"h9kAQAHWeAQCMlSZ-38mHw","-115.0414116","36.0613259"
"WbDz_bwnLKL42_z9cA1Yzw","-114.923171997","36.100157274"
"1ZCX18x3LgCNAH4H41QZ-Q","-115.0878208","36.0184471"
"N0STP82OhZRZ2WeWCqqbOg","-115.1185519","36.0169498"
"P3xS91E0LhCFmzrd9Enw_A","-115.1039544","35.9988528"
"b2NMOHPOO215fH0S-modAw","-115.1127464","36.0056462"
"2MmMDll1ZGouFtz_87X5RQ","-115.0837059","36.0550405"
"pGJlD0aJKuNUZKgjNZ9KuQ","-114.9834743","36.032039"
"41t-hpClH6k5ZlK39Q3WIQ","-114.953264875","36.0732730942"
"vdqEvDBpheasPHF0JP9RQQ","-115.0298326","36.0408745"
"btay-zbv6GGEp6c3Wg2MSw","-115.0298677","36.0395488"
"V2mXoj4WVLHoszENq3x0Xg","-115.0824464","36.0719188"
"q3-My9_fAQLKsL9Otpamrg","-114.9766","36.0351"
"NigPSYUkjJ_JPzaDlApF_A","-115.0544316","36.0561389"
"gKDQHVvXmnULFqB6o7woJA","-114.9921795","36.0114785"
"k0gLhoW2NkgLVdhE259pww","-115.0828384","36.0741043"
"vpGKjswbbNIM4NTaZM5oEA","-115.0839658","36.0063446"
"cpqH8tDgUNFSjEdJMNmPRw","-115.1025545","35.9975649"
"h7yZDZCh4vV33qePhwde3A","-115.047417954","36.0265658051"
"VumF-JLfeUxfvBdt9JQ_lQ","-115.1086551","36.0015884"
"fsnP0vhcKbB4EfGeCmR8sA","-115.046634078","36.0670561783"
"k_beT1jtJAZpheihkparfw","-115.090381","36.024612"
"IEa3NRZ_TvJA7dCP-P6SFg","-114.9600657","36.0132614"
"JBqnbJyOA2q_wtJ8xuWvUQ","-115.0502202","36.0224814"
"IOBuWp3l6m6O2DgyLiq4Pw","-115.1184733","36.0151363"
"sFVden9fnSQBUrmfaGLiSQ","-115.0958499","36.0052019"
"Rn15cP46xs6Is7_NmrzHGQ","-115.099882","35.995289"
"vxxMqBaAHuWdx4impsLSSA","-115.1684896","35.9647721"
"vhSvuEEYevmkg_9AGnNruQ","-114.9855761","36.0354393"
"PatLFkSW68Z9foGegeQfEA","-115.169402","35.965433"
"oQfCWtO5-fGTFrclqCJOwg","-115.0856611","36.0273573"
"Iscx1IBY0lzksGfr-F2i_Q","-115.168524","35.964779"
"dM-pSFGxckeBu8DIGxfuHA","-114.9279547","36.0552472"
"vc_Rj7GAepCUpo3U6LAMHw","-115.168524","35.964779"
"pLdz4dZ6fUxp2GgBRNPq2Q","-115.1549616","35.978702"
"QR8WItkeeoKwng308YDVgA","-115.1390361","35.9773336"
"1MMztCZKPtw9DoCVflfZFg","-115.1180018","36.0157945"
"3pf6imGDSCdhsV8Nx4-d8Q","-115.168524","35.964779"
"NwGV1bsXdoAFEOUsB1HAWg","-115.168737","35.965329"
"VzanL5PpILD73CDIeADHdg","-115.1124407","36.0057452"
"HozRL2f85TozozQJmU-wvw","-114.9924547","36.0095648"
"ar-6W8OSrY5v3n2JbmEqQw","-115.096899","36.005417"
"xxZHUf4my1RMwGIp-sR_yA","-115.1072422","36.0015149"
"1IV0_7A_CIhc7P_lHezqZQ","-115.008803","36.034096"
"CVwRUEQImw-no7KtvpVxwA","-115.11897","35.99463"
"qqckmITTtyQkkwhrfc8HRw","-115.101239","35.9971446"
"OZZjgwmc0ijdGN-IMYBzhg","-115.1186765","36.0168531"
"xDhGewAN-AaycOzK0H5GQA","-115.0339192","36.0633106"
"iRi5YmSskdL-nAkQVtxDWQ","-115.080961","36.0762625"
"R0NZF7JmXWGTdu7EX-CAKA","-115.0457036","36.0530335"
"44HP55ht38nUGmSxDGsSYw","-115.03682","36.061676"
"nHdMKMAEJXehj8vFCy01qA","-115.085821152","36.029596485"
"Z8COB4whbjphUrWNRXtZ_A","-115.047406","36.040082"
"YJVEaEsvgoZvI_s04hb7iQ","-115.0850915","36.0295345"
"WkGl46RIsgyhqj5CSPejSQ","-115.1008642","35.9938025"
"SAU9NDWNuR0Jvgx38T8wsA","-115.0488253","36.0280487"
"d8FP2gvMoeiiIa5mdn8jZg","-115.0867993","36.0190655"
"LvnADJcjlE489gUKxVC3cg","-115.1184733","36.0151363"
"lg1BrK8zf2DVkUdbwkTkSw","-115.0960591","36.0049896"
"h1fwrE1am09t6INjeLs6BA","-114.9638691","36.012354"
"-VjfykG3poz1uMwNGLgKfA","-115.101582","35.993777"
"HgIqOb4R8gWy6dqwYkZfEA","-115.0460157","36.061685"
"2oBD-9QXTiXA4WRP-JaTcQ","-115.045394","36.063117"
"4EzKlz2Vjpb5h2yO2_6K4w","-115.0981505","36.0350462"
"aAfkYj5DacC91NqPpU4iow","-115.044513","36.069818"
"csgF8n0R5CIauWriNJl2vg","-114.93046","36.1019867"
"NulKeGrS35q9Pr7GIMtSig","-114.9539","36.0621"
"Vxad8erFJI6CaWrQYlMqLw","-115.1044139","36.0422984"
"xKQmtEgfSxHzZ7m6VfndEg","-115.0378323","36.0634426"
"fFg628ogpP_JtxwfimM4Xw","-115.063401","36.024514"
"OhmRdo9XL2ZWtpt7ewvPAg","-115.0624726","36.0288225"
"q6NT0vkQW_vs8V0doG7XKw","-115.1250404","35.9977863"
"i4b0jbsOsET7biMw5KhPDg","-114.9937412","36.0362315"
"fzLqeHBM4XSphzvX1nkWtg","-115.056450301","36.0569394366"
"JVHSFeayUur0ksdhaJvvMw","-115.0091278","36.0319583"
"6oMdbZA6Xu26TUO5Zb93Sg","-114.992113","36.008612"
"Hz-VJYF8BUGA-47KNuzuLg","-115.0298557","36.0383734"
"8kjah2TxHpRsGPy_EvBBRA","-115.0471919","36.0410917"
"LTaGl8dE_AGSI_nba-COFg","-115.171467","36.01488"
"CQJE1a7CD3B6szePIew6tQ","-114.923133","36.113933"
"M1V2Ic_z79cePuYMWYQg-g","-115.16885376","35.9672622681"
"D2bSuLURPsxEur4OUglFrw","-114.933242323","35.993443412"
"ntTn0b1goXL0dyllN6ApiQ","-114.9808176","36.0413933"
"4O1FVE1t-KAWxYRcp287Mg","-115.029802332","36.0400047537"
"DJXc-qNLR-kto-9sbmucGA","-115.029799","36.041361"
"Jbjz-bmgOrqdbtoVd-1FzA","-114.9961457","36.0359279"
"GRF1UUkskqwBB0tOPi563A","-115.0391577","36.063676"
"JWVDSCcMqcs2zd4X4Cav-w","-115.1246448","35.9967217"
"eP_enpBqAvE5coRwl6Ib9w","-114.992113","36.008612"
"T57zVIOxqr20bdLS3dIp5Q","-115.1020649","35.997344"
"UBEljDx_qM8aJW9VmiCqlA","-115.0550802","36.0179212"
"4-slSznLESvFNAw6xUQQWA","-115.0306342","36.0301097"
"HxKjFG_rqdZzeFYnod6N4w","-115.0391577","36.063676"
"HIz1CncId6ecicQCPnf5xw","-114.957392281","36.06992381"
"ZLTV69NdqWqRUarXEE2F5g","-115.11897","35.99463"
"a2FM4GSmoCCUjHIOy7kc5Q","-114.964644","36.012161"
"1tR-eRDhZLiUI4pYHFyiLw","-114.99288","36.013921"
"k6n_ft6eD3sjRvmTcf4lBA","-114.9828061","36.0410132"
"jBU3y-V_F037YdTWuqF_uw","-115.085297","36.021718"
"G6RMzMz95RAmsxYZ0AsS6Q","-115.044513","36.069818"
"TwdOD5pBuUpsnxzFZPt74g","-115.1175105","36.0143056"
"IRQNOYVE-AyjCliZa_3R_A","-115.0383485","36.0632114"
"dBwSs6INAgTipopffoCwzw","-115.03153704","36.0827233144"
"sJygoiagLWj4ci0BWZkcgA","-115.0387057","36.0637724"
"hPk8KDHfW1shTheZm62efA","-115.0530027","36.0194179"
"kTOgIUZPf7cWbsKS1SpO-w","-115.0298797","36.0408735"
"gfk6TPGl2-W2EtEC2wWRFw","-114.97912","36.0297"
"HZRsR-w5aiQkwCc8X4Gltw","-115.0391577","36.063676"
"OAQoNECtxntebJ4LfLykWw","-115.1178915","36.017605"
"SPsunwGprmSE8v1Khqbutg","-115.084534","36.005925"
"n-vWpCOGz8OlmdX-4PvhdA","-115.0463823","36.0661169"
"wnTdMwMjTSuJs7FEKStaag","-115.089804903","36.0217234764"
"A30MoBPFyMeKxFVkOjNC3A","-115.101207","35.9935897"
"uED1-WKvlb5brLfOLNH_jg","-115.10386","35.9988269"
"HxolrQy5E06209IOSx69XA","-115.0732925","36.0724381"
"LzDjZ5Q5sKQ2HeH783e7qw","-115.0823129","36.0697915"
"LGE1fpUAGePp9bWjrBnVFQ","-115.083377659","36.0714583945"
"V4Xw6yqfVCcNag8tpDgsMw","-114.960079","36.013215"
"kskztIDvBCuL6UX1Oflhrg","-115.0473614","36.0272975"
"wndLfeIcNttkK9jHpF6fsg","-115.1077258","36.0029632"
"MiTjZ1zRGm8axG3BjsSA8g","-115.1012254","36.0180244"
"8ybK693HDdSGs8EwGrfJCA","-115.0853057","36.0217118"
"WhsjhETrYAGK7kZa0NQa7w","-115.0450513","36.0651562"
"Ky6490ndvfhU11eE7XcPLw","-115.169479015","35.9650379875"
"VbI_ryrGPdNRaDrYRJGMiA","-115.1092524","36.0009089"
"pJjdl-PU5MQoXkkmJo1utw","-115.154562854","35.9780218"
"RHmoevQvH4vuS7KOL5JWWg","-115.1022551","35.9549981"
"xgrLjOSICVgYfxVNNMIKtg","-115.099084","35.979795"
"FPlwns4ef0bbN2RF1qfTsg","-115.063401","36.024514"
"WJMzIPhMzqpvX1RxLIUc5A","-115.101479888","35.9939755284"
"Bt7xHko6OfInh7GbfSv0xA","-115.0432784","36.0636094"
"g9XzAhPiS9DCYT4FbKPzZg","-115.039352473","36.0615796909"
"G6hm1kGR9Jjg5Kzb3lvpmg","-114.931908","36.101953"
"wgP52y-7FkrsZVVHGomoog","-114.99288","36.013921"
"c3DXOb7yx2a9LboxOq0Rzw","-115.1176266","36.0220804"
"GBmcKiTcooVff2T84b7dcw","-115.0563054","36.0560397"
"Jlcx_J7DAqXthtsb_OMBEw","-115.1104821","36.0028159"
"A3kBLNvYCO_saEGGXrWdZA","-114.9819031","36.0316499"
"SSIseZSpw6eol3G4Q1hFsg","-115.137164","35.996832"
"ksaCP2tFx67foJZ_Z-XszA","-115.0832881","36.0048909"
"TrUPQ6CgVw4CpUuIk-AE2A","-114.9600657","36.0132614"
"8F7oGsqfVGiHOuSFaDiB5w","-115.099915","36.042298"
"tZCIC-GWGYS7yh3KVbRnlw","-115.1012084","35.9970954"
"DmHcLTO3tdzb49T29QiRzQ","-115.07614","36.071217"
"yOKNzOST0WVaCMZiUceK3g","-115.04358","36.064231"
"34JQEZg9DgTpzZ8tnAw_CQ","-115.0436911","36.0635147"
"m9wUQkksvb5f0NzWynR-GQ","-115.05218","36.0197"
"UCQmb-6o-fT-hkWvBhAkdw","-115.0978356","35.9796882"
"v8pxePdOuJIDngcdZqfy_A","-114.9662443","36.0243456"
"NDfh7hy6k0JBYHCL93SAkA","-115.118684","36.01658"
"AfWA8pvc5AW9QafQLui7_A","-115.04163662","36.0555969018"
"NqiMymQO86d7O60LDArA9Q","-114.9284371","36.1026698"
"_2RBxybvzNmw2k1_jJTe1Q","-115.0863897","36.0294623"
"peajBNcZmTDlwwST0LdMdQ","-114.992597","36.013061"
"YsC_dreXCs5CfInhzam8DQ","-114.939821","35.9607337"
"o4zI9D9QiKTdRpeN0EQGYA","-115.171340704","35.9649383419"
"_v51zHEOkXseN6mtNCddbQ","-115.084651372","36.0548953697"
"ZzM6aBJXfogx26h-50_SIQ","-115.0773405","36.0704394"
"tzpQZDplONH7kMdR0HuWcQ","-114.9941826","36.036174"
"ThlTiMlkPRq5OkQM1-fclw","-114.931908","36.101953"
"OuG7AW98P9g0sc3x4KWUjQ","-114.9635216","36.0134051"
"iMp7uNnJTWbwxQc2yOLFCQ","-115.042496","36.055709"
"qiZSMdGKw2sIfco4kqJ6wA","-115.1182167","36.0144309"
"IiVJ2_OdjWzEXZ7IR5r3Hw","-114.985087","36.043214"
"P3x5nWV2ULtAAjJMcUY2Bg","-115.10561","36.00054"
"ufB61nJiHsNTqw3KViQYNg","-114.930145741","36.101344887"
"PrYKua8LhcYYjMmmIPPkhA","-115.105665","35.9998508"
"ieYiud3trM-9e7E8YUhK0g","-115.099850426","35.994110938"
"JsSecQGb8Ru9Xj9AUnV37A","-115.037421","36.063167"
"5_jof-mdgKGEEywYh9imNg","-114.9822392","36.0321994"
"sS5EmR4ZG_6YG87dNp8yxw","-114.993687","36.0128259"
"eWwQPt7taP_xHLOzLaf5bA","-114.948199","36.017944"
"G3aWWRybWTGmFayAJAVrag","-115.0466392","36.0441924"
"bcIVSsAdULzIHJndFimXQQ","-115.045078","36.068241"
"JHWTmg5Oq1WDySIX8jI-uQ","-114.930489","36.101406"
"yQW-kC_vmhmw78D62HKZdQ","-115.0559333","36.0557242"
"MJtnKhA3l-2ZFzhneuSccw","-114.91061793","35.9723178258"
"qAnGJslk7RdYAQGOa6_gpQ","-114.985603094","36.0330800436"
"6netx3qvDyyo7aHr-J5lSA","-115.097955","35.979666"
"oIhwZxVjkKhhjOIJ78tYvQ","-115.1068875","36.0015244"
"coliLB5ao7Pox1S-TpYApA","-114.987245398","36.0365537735"
"OMxNuGJsC0HlooL58tZDJA","-115.170579956","35.9651113583"
"81IHPUthEj3nnc_4FJ5rgw","-115.0471018","36.0407071"
"JOJtP3IQbCg65rssBewUXg","-115.117307603","36.0155847768"
"rLCq4qcqtU1gLvBcxPrjlg","-115.081900048","36.0697660013"
"SK77jbqCpIv_lwwRkhq9_w","-115.045988","36.0601043"
"v_66_DMmwg7d9FogupzfKQ","-115.106147766","36.0007667542"
"qs_PhcOPlC6aGKx-WJEhwA","-115.030464172","36.0302581787"
"CqbdMzc-FmF-ISeMJOZzyg","-115.030502319","36.0299987793"
"EFCvuMgTXsLnd7eGkKsivA","-115.109715611","36.0012277308"
"lHieY-4PJnQ_uBK2QEElyg","-114.940453","36.013561"
"aZcFXgb64zg6Z6iLGMC3OQ","-115.074583","36.069821"
"f4wa6WRwvv5ButLnmGtONA","-115.06328654","36.11327735"
"slA5uWvSAe4o362wgJrE6g","-115.1016046","35.9874346"
"_jcTmBq7W7p4HOl9nJ4SlA","-114.941267","36.004894"
"-27u-98Ugczq_xsNPdcvEg","-114.958591805","36.0166853346"
"izOXb8-BZVULS2G_rSNaTA","-115.1016247","35.9871897"
"nGRwQoNA5CT520hZmDuCDQ","-115.096656799","36.0222892761"
"ZjBvtxDvPPvJhbebFtie8g","-115.069468","36.068756"
"A6Jk6xKV3fk-eYSvrZUzww","-115.118583679","36.0180702209"
"2RJMudQIFknBCxwwwMec4Q","-114.9941893","36.0361732"
"LzzlwFvAxv70zTWBCNs0aQ","-115.1246448","35.9967217"
"HuDJ32yH4_yYy9BfTpR8Gg","-114.955101013","36.062976781"
"-4THvPKs5M3P2036bJ50GA","-115.1122893","36.0056331"
"8N__d1JABpJW6VnJoxKpcw","-114.929458618","36.1029663086"
"u72jN4ZEvwbUA35vQX8-ag","-115.047865","36.025888"
"lWlh5wA7rzEScQInGiMIrw","-115.0453713","36.0655752"
"x0qwRQmOpfZc_urciJFFgg","-115.106049","36.000837"
"qm4nCTGyzxSUb1faeyqSTQ","-114.922614098","36.114390111"
"v_bwANH8dZKsqpM_bIzzrQ","-115.100349426","35.9959487915"
"ASGebKrraHYSBaEcavy3Xg","-115.1025425","35.9975751"
"uxriYnw_WYIqoAxvSZSo5Q","-115.1182702","36.0050673"
"J8Z90BG7gkFaaync8BQjHA","-115.040288","36.064746"
"ToRhUbMI8J3_ns9_5gm4gA","-115.0480334","36.0568118"
"rtvC6GWg_tNq_XfenVcAzA","-115.036422729","36.0633583069"
"QzOz_AzAtWlPkoDMjzDZOA","-115.0837128","36.0025077"
"WWVXqOhqdlDLuxHgP2k0dg","-115.059525","36.064237"
"LsNAb1Q2tsb3TlkKOC_NRw","-115.099882","35.995289"
"Y5hvJ9eD5LusqvwCdKeWgg","-115.0260551","36.0415398"
"PRptJCC9CFrbQz5GvpPI8A","-115.096604182","36.0070475466"
"RpxZPQbk0NJqQQCW6z6QVA","-115.0854457","36.056296"
"O6ULOBeT0UwzrwMH9aPU4Q","-115.08906126","36.0213012646"
"P9YDZDqUHVEI9_gtRHxBhA","-115.044151","36.063166"
"O7YoGLwEzuk-P9KhL1TO7A","-115.094322413","36.027745977"
"04SHVStCJ-517oUBKEBjfQ","-114.9805625","36.0391465"
"dai-Ksa9NOl-0cVS-v9Zzg","-115.0834834","36.003993"
"a9bzKCY9OOvl7Lwkcbrifw","-115.1232281","36.0002549"
"bVNXS0uMq3BKIrnLHTvpbg","-115.0366038","36.0632572"
"KrFkX0kVeCrjdqoakXYy8w","-115.10386","35.9988269"
"NnYn9pYiQj1OgxNBPhA_3w","-115.0470444","36.0345358"
"JPU0V_BpuW7-bnn4O_HcpA","-115.11824445","36.0053203941"
"CJb2ML6sFeP8Ir6M25pt1Q","-115.100014","35.9952822"
"leEhsPA6NKRZ0CAKdmJwWQ","-115.095663","35.955563"
"fFjfiovwlAuf-tH8NnY-UQ","-115.101582","35.993777"
"_uDBUffKA5bJq1MhXJFiww","-115.102493881","35.9981822589"
"Hl8ChFS_0BgSKYxNAdOzbQ","-115.101582","35.993777"
"VO-OXdvcTHnhKhkNjjJDeQ","-115.117026","36.0203391"
"xLCgycWJw7FoLlkR6nN5_w","-114.971966","36.0308463"
"-NxrB5o0I8IhAOZfHYDiqQ","-115.009295717","36.0320906831"
"qEIx33FfKWgBc1areWcmPA","-115.111836","36.0058936"
"zUzONtLE6x2I_V0n2E562Q","-115.102164593","36.0017071858"
"DsNo0hjTUCs4aaacUx628Q","-115.0828384","36.0741043"
"6O9iAmAv7vUl-Eeqb9bmpw","-114.99288","36.013921"
"sx3iUAQ_zmHu3Klb8zoHPA","-115.1172083","36.0053711"
"ZRGf2xsGIUw1pWmE7qc87Q","-115.011495146","36.0647640226"
"hcfmPMH8-5ZI85R6dztehA","-115.1016453","35.9953048"
"DjEzg-jv3CK25jB5xA-gDA","-115.101554869","35.9949821486"
"T4NYpm-fLUmSKa10pPpi8g","-115.116601355","36.0425492217"
"qoBHcb7UIXHg3eubD5lqcg","-114.930426154","36.1021220102"
"dkrivVPJors-L6JcNyGY7g","-114.980379157","36.041169884"
"kc9KQuw1AcfkhSO0Imy3Xw","-115.116175041","36.0067581176"
"S9eegBIUqWeg6T33YCec-w","-115.107185","35.999185"
"Es47DqiHnr3nKQBaruYssA","-115.045135","36.064884"
"k6jnIY6TswUqwQSQHeW8kg","-115.029995269","36.0393626548"
"i5Tq_jzm3osbY_uEJ79N1g","-115.0471927","36.0553223"
"hdlaZgoKv-Z3YKNZIxAaLw","-115.101224072","36.0180739949"
"2HrxDnhtVoG3B9A7mXfOXg","-115.046688","36.025403"
"vJ4YBTFB0040aqXy8iy2sw","-115.07962751","36.0722723705"
"cGyalldZk-hRdDDoL73awg","-115.0978689","36.034589"
"qAUlQG06dXVh2CS1fHxncQ","-115.087367","36.029712"
"L1BwqM-zm5zdZYaDGrrOrQ","-115.056284","36.05586"
"WxdJMX3rQH4koWgT3hm8_A","-114.992597","36.013061"
"DUOiZut9zkvqf-VpS4IoRw","-115.044151023","36.0631659578"
"zbjPg_vvxCWkFjeEvVpmnA","-115.086426","36.02951"
"_BrLcaVzE6GqBilwmdQOfg","-115.080961","36.0762625"
"oMe9AQydEtcwqox2cS35KA","-115.050035324","36.0202146714"
"-cOzkNEQIdF1g_4o4M-uGw","-114.982217","36.032304"
"FvviOkSV9RiNkiC90tchFg","-114.981148299","36.0414027704"
"Cz4zMZC78THt87ZRUSs2Vg","-115.047595228","36.0403026412"
"UAEjA_dm7bkepv_lpmdTwQ","-114.9773951","36.0310804"
"sgOA7pPBH7we9YLiqslyWQ","-115.0828384","36.0741043"
"RyFghTetX94L4OwCd1hrAA","-115.168006621","35.965361153"
"6mx8Ubo_NAVvc1WOthtQKA","-114.9834743","36.032039"
"XOjrPNseIQRpDWKo4aqRlQ","-115.0773405","36.0704394"
"LXooneJw2mzyWIeACgc2Mg","-115.0695525","36.0686777"
"0U2RQ6U_9C8xczDHs6CDoA","-115.041684769","36.0672531801"
"CS7vUewTO-AVTN1jMTnXUg","-114.979859","35.999769"
"-A3i-qtJxTkvTQkXy6h-6A","-115.045078","36.068241"
"3W3e6nbSxePT4ctJGkljZQ","-115.118609816","36.0162144899"
"Jgq3orKuIsHINWt2UFASpQ","-115.1067783","36.0024846"
"q5WYH27RJoNt_yFLNXIThw","-115.029916","36.030262"
"ke4Z0EyWNoapfLnXEvheVw","-115.11792887","36.017521053"
"bdTzNQ18wfPbyiXHJKL1dg","-115.082264543","36.070010215"
"bqoWtCDQ2oNc8_u_2I057A","-115.0840718","36.0713618"
"brh2UFHRO0bFfq7KUTbQFA","-115.0451999","36.0631356"
"PbvL3Ay5PnyWbgXZjrN9pw","-115.045985","36.062159"
"k7g41CrVComlOhyZaM_2_A","-115.045414","36.061697"
"kD6XekbKju5vqIoTEYB08Q","-115.046485886","36.0329827078"
"irFC1-ZPtRRVhgDWsNuTUQ","-115.0629783","36.0241573"
"WVEBPBymHcpYXPsXryPoNQ","-115.044151","36.063166"
"wI9mQ2PBEQ1r375XzK4rzQ","-114.964134984","36.0130160884"
"Ah5sMocfo1FTk6vekMLM6g","-115.100014","35.9952822"
"ZpB2O-WAbbRHdP0V8GrwXA","-115.0833621","36.022463"
"OEUIE8VBa1BbBfr5EPcTOA","-115.0488253","36.0280487"
"ECWSOvqjPP8IVuTs_BM8bQ","-115.0360234","36.0617847"
"9O9QwZK1EIVckmugJu46UA","-115.0360234","36.0617847"
"q4r4-CLho_L_paKcObKo4g","-115.037983619","36.0547669355"
"R1M8E9V7lVCDlgSi8IlqrA","-114.991579726","36.0092012371"
"18C3OaFnT44WEiQgO4gDYQ","-115.04451","36.069817"
"xKwRl8160HguLu7IIlk1TQ","-115.047737879","36.0655925425"
"WbISkPZHJ-nl38tIEEbrBw","-115.118181","36.003137"
"3qbrAriFS9YdpvPq2dB7hw","-114.981839","36.0319956"
"Ax2VRlmMuT1RsSvQHsOJTg","-115.0625482","36.0295851"
"3n9GkctOctC2ev07N1NXRQ","-115.0863042","36.0213103"
"UePuvUGJsPDFkNtRKWEClA","-115.1092524","36.0009089"
"XMko42ftxbLzbpkokDXmSg","-115.0869192","36.0192061"
"dIqfZeT0vH3vtXV_RLVbFQ","-115.1022456","35.9970981"
"XpJ2fn0j939tZxV_wiYQxQ","-114.992597","36.013061"
"vjKPL-nTfGS49fJplsxDDg","-115.0467533","36.0438829"
"AWNFXi9hLqo1WhEdMh7FOA","-115.0826733","36.0698735"
"9U7sTEf34ayvN3s4tRmSEQ","-114.9834877","36.0337114"
"VTMqRsk1dXJJaReAQLKIsg","-115.0964653","36.0066822"
"m0yKevji9esIZdqmK3IVPQ","-115.1118635","36.0059007"
